{
  "": {
    "precision": 0.0,
    "recall": 0.0,
    "f1-score": 0.0,
    "support": 0
  },
  "affirm": {
    "precision": 1.0,
    "recall": 0.5,
    "f1-score": 0.6666666666666666,
    "support": 2
  },
  "ask_howdoing": {
    "precision": 1.0,
    "recall": 0.9411764705882353,
    "f1-score": 0.9696969696969697,
    "support": 17
  },
  "deny": {
    "precision": 1.0,
    "recall": 1.0,
    "f1-score": 1.0,
    "support": 2
  },
  "goodbye": {
    "precision": 1.0,
    "recall": 0.8333333333333334,
    "f1-score": 0.9090909090909091,
    "support": 6
  },
  "greet": {
    "precision": 0.8333333333333334,
    "recall": 0.8333333333333334,
    "f1-score": 0.8333333333333334,
    "support": 6
  },
  "house_inform": {
    "precision": 1.0,
    "recall": 0.7333333333333333,
    "f1-score": 0.846153846153846,
    "support": 15
  },
  "house_request": {
    "precision": 0.8518518518518519,
    "recall": 1.0,
    "f1-score": 0.92,
    "support": 23
  },
  "thankyou": {
    "precision": 1.0,
    "recall": 1.0,
    "f1-score": 1.0,
    "support": 3
  },
  "micro avg": {
    "precision": 0.8918918918918919,
    "recall": 0.8918918918918919,
    "f1-score": 0.8918918918918919,
    "support": 74
  },
  "macro avg": {
    "precision": 0.8539094650205761,
    "recall": 0.7601307189542484,
    "f1-score": 0.793882413882414,
    "support": 74
  },
  "weighted avg": {
    "precision": 0.9404404404404405,
    "recall": 0.8918918918918919,
    "f1-score": 0.9070950670950669,
    "support": 74
  }
}