{
    "": {
        "precision": 0.0,
        "recall": 0.0,
        "f1-score": 0.0,
        "support": 0
    },
    "affirm": {
        "precision": 0.5,
        "recall": 0.5,
        "f1-score": 0.5,
        "support": 2
    },
    "ask_howdoing": {
        "precision": 0.9444444444444444,
        "recall": 1.0,
        "f1-score": 0.9714285714285714,
        "support": 17
    },
    "deny": {
        "precision": 1.0,
        "recall": 1.0,
        "f1-score": 1.0,
        "support": 2
    },
    "goodbye": {
        "precision": 1.0,
        "recall": 0.8333333333333334,
        "f1-score": 0.9090909090909091,
        "support": 6
    },
    "greet": {
        "precision": 1.0,
        "recall": 0.8333333333333334,
        "f1-score": 0.9090909090909091,
        "support": 6
    },
    "house_inform": {
        "precision": 1.0,
        "recall": 0.6666666666666666,
        "f1-score": 0.8,
        "support": 15
    },
    "house_request": {
        "precision": 0.8518518518518519,
        "recall": 1.0,
        "f1-score": 0.92,
        "support": 23
    },
    "thankyou": {
        "precision": 1.0,
        "recall": 1.0,
        "f1-score": 1.0,
        "support": 3
    },
    "micro avg": {
        "precision": 0.8918918918918919,
        "recall": 0.8918918918918919,
        "f1-score": 0.8918918918918919,
        "support": 74
    },
    "macro avg": {
        "precision": 0.8106995884773663,
        "recall": 0.7592592592592592,
        "f1-score": 0.7788455988455989,
        "support": 74
    },
    "weighted avg": {
        "precision": 0.9276776776776777,
        "recall": 0.8918918918918919,
        "f1-score": 0.8997753597753596,
        "support": 74
    }
}