{
  "": {
    "precision": 0.0,
    "recall": 0.0,
    "f1-score": 0.0,
    "support": 0
  },
  "affirm": {
    "precision": 0.0,
    "recall": 0.0,
    "f1-score": 0.0,
    "support": 2
  },
  "ask_howdoing": {
    "precision": 0.8,
    "recall": 0.9411764705882353,
    "f1-score": 0.8648648648648648,
    "support": 17
  },
  "deny": {
    "precision": 0.0,
    "recall": 0.0,
    "f1-score": 0.0,
    "support": 2
  },
  "goodbye": {
    "precision": 0.75,
    "recall": 0.5,
    "f1-score": 0.6,
    "support": 6
  },
  "greet": {
    "precision": 0.8333333333333334,
    "recall": 0.8333333333333334,
    "f1-score": 0.8333333333333334,
    "support": 6
  },
  "house_inform": {
    "precision": 0.9230769230769231,
    "recall": 0.8,
    "f1-score": 0.8571428571428571,
    "support": 15
  },
  "house_request": {
    "precision": 0.8518518518518519,
    "recall": 1.0,
    "f1-score": 0.92,
    "support": 23
  },
  "thankyou": {
    "precision": 0.0,
    "recall": 0.0,
    "f1-score": 0.0,
    "support": 3
  },
  "micro avg": {
    "precision": 0.7972972972972973,
    "recall": 0.7972972972972973,
    "f1-score": 0.7972972972972974,
    "support": 74
  },
  "macro avg": {
    "precision": 0.46202912314023425,
    "recall": 0.45272331154684103,
    "f1-score": 0.4528156728156728,
    "support": 74
  },
  "weighted avg": {
    "precision": 0.764037114037114,
    "recall": 0.7972972972972973,
    "f1-score": 0.7745925075654806,
    "support": 74
  }
}