{
    "": {
        "precision": 0.0,
        "recall": 0.0,
        "f1-score": 0.0,
        "support": 0
    },
    "affirm": {
      "precision": 1.0,
        "recall": 0.5,
      "f1-score": 0.6666666666666666,
        "support": 2
    },
    "ask_howdoing": {
      "precision": 1.0,
        "recall": 1.0,
      "f1-score": 1.0,
        "support": 17
    },
    "deny": {
      "precision": 0.0,
      "recall": 0.0,
      "f1-score": 0.0,
      "support": 2
    },
  "feedback": {
        "precision": 1.0,
    "recall": 0.5,
    "f1-score": 0.6666666666666666,
        "support": 2
    },
    "goodbye": {
      "precision": 0.8333333333333334,
        "recall": 0.8333333333333334,
      "f1-score": 0.8333333333333334,
        "support": 6
    },
    "greet": {
        "precision": 1.0,
        "recall": 0.8333333333333334,
        "f1-score": 0.9090909090909091,
        "support": 6
    },
    "house_inform": {
      "precision": 0.9523809523809523,
      "recall": 0.9523809523809523,
      "f1-score": 0.9523809523809523,
      "support": 21
    },
    "house_request": {
      "precision": 0.96,
        "recall": 1.0,
      "f1-score": 0.9795918367346939,
      "support": 24
    },
    "thankyou": {
      "precision": 0.6,
        "recall": 1.0,
      "f1-score": 0.7499999999999999,
        "support": 3
    },
    "micro avg": {
      "precision": 0.9156626506024096,
      "recall": 0.9156626506024096,
      "f1-score": 0.9156626506024096,
      "support": 83
    },
    "macro avg": {
      "precision": 0.7345714285714285,
      "recall": 0.6619047619047619,
      "f1-score": 0.6757730364873222,
      "support": 83
    },
    "weighted avg": {
      "precision": 0.9257831325301203,
      "recall": 0.9156626506024096,
      "f1-score": 0.9142339301547563,
      "support": 83
    }
}