{
    "": {
        "precision": 0.0,
        "recall": 0.0,
        "f1-score": 0.0,
        "support": 0
    },
    "affirm": {
        "precision": 0.5,
        "recall": 1.0,
        "f1-score": 0.6666666666666666,
        "support": 2
    },
    "ask_howdoing": {
        "precision": 1.0,
        "recall": 0.8235294117647058,
        "f1-score": 0.9032258064516129,
        "support": 17
    },
    "deny": {
        "precision": 0.5,
        "recall": 0.5,
        "f1-score": 0.5,
        "support": 2
    },
    "goodbye": {
        "precision": 0.75,
        "recall": 0.5,
        "f1-score": 0.6,
        "support": 6
    },
    "greet": {
        "precision": 1.0,
        "recall": 0.8333333333333334,
        "f1-score": 0.9090909090909091,
        "support": 6
    },
    "house_inform": {
        "precision": 0.9285714285714286,
        "recall": 0.9285714285714286,
        "f1-score": 0.9285714285714286,
        "support": 14
    },
    "house_request": {
        "precision": 0.9583333333333334,
        "recall": 0.9583333333333334,
        "f1-score": 0.9583333333333334,
        "support": 24
    },
    "thankyou": {
        "precision": 1.0,
        "recall": 1.0,
        "f1-score": 1.0,
        "support": 3
    },
    "micro avg": {
        "precision": 0.8648648648648649,
        "recall": 0.8648648648648649,
        "f1-score": 0.8648648648648649,
        "support": 74
    },
    "macro avg": {
        "precision": 0.7374338624338624,
        "recall": 0.7270852785558668,
        "f1-score": 0.7184320160126612,
        "support": 74
    },
    "weighted avg": {
        "precision": 0.9256756756756757,
        "recall": 0.8648648648648649,
        "f1-score": 0.888415101318327,
        "support": 74
    }
}