{
  "affirm": {
    "precision": 0.6666666666666666,
    "recall": 1.0,
    "f1-score": 0.8,
    "support": 2
  },
  "ask_howdoing": {
    "precision": 0.9444444444444444,
    "recall": 1.0,
    "f1-score": 0.9714285714285714,
    "support": 17
  },
  "ask_more": {
    "precision": 0.0,
    "recall": 0.0,
    "f1-score": 0.0,
    "support": 2
  },
  "confirm": {
    "precision": 0.0,
    "recall": 0.0,
    "f1-score": 0.0,
    "support": 2
  },
  "deny": {
    "precision": 1.0,
    "recall": 1.0,
    "f1-score": 1.0,
    "support": 2
  },
  "feedback": {
    "precision": 1.0,
    "recall": 1.0,
    "f1-score": 1.0,
    "support": 2
  },
  "goodbye": {
    "precision": 1.0,
    "recall": 1.0,
    "f1-score": 1.0,
    "support": 6
  },
  "greet": {
    "precision": 1.0,
    "recall": 1.0,
    "f1-score": 1.0,
    "support": 6
  },
  "house_inform": {
    "precision": 0.9130434782608695,
    "recall": 1.0,
    "f1-score": 0.9545454545454545,
    "support": 21
  },
  "house_request": {
    "precision": 1.0,
    "recall": 1.0,
    "f1-score": 1.0,
    "support": 24
  },
  "thankyou": {
    "precision": 1.0,
    "recall": 1.0,
    "f1-score": 1.0,
    "support": 3
  },
  "micro avg": {
    "precision": 0.9540229885057471,
    "recall": 0.9540229885057471,
    "f1-score": 0.9540229885057472,
    "support": 87
  },
  "macro avg": {
    "precision": 0.7749231444883619,
    "recall": 0.8181818181818182,
    "f1-score": 0.7932703659976387,
    "support": 87
  },
  "weighted avg": {
    "precision": 0.9145149647398522,
    "recall": 0.9540229885057471,
    "f1-score": 0.932870577698164,
    "support": 87
  }
}