{
  "": {
    "precision": 0.0,
    "recall": 0.0,
    "f1-score": 0.0,
    "support": 0
  },
  "goodbye": {
    "precision": 1.0,
    "recall": 0.6,
    "f1-score": 0.7499999999999999,
    "support": 5
  },
  "greet": {
    "precision": 0.6,
    "recall": 0.5,
    "f1-score": 0.5454545454545454,
    "support": 6
  },
  "house_request": {
    "precision": 1.0,
    "recall": 1.0,
    "f1-score": 1.0,
    "support": 11
  },
  "inform": {
    "precision": 0.9333333333333333,
    "recall": 0.875,
    "f1-score": 0.9032258064516129,
    "support": 16
  },
  "micro avg": {
    "precision": 0.8157894736842105,
    "recall": 0.8157894736842105,
    "f1-score": 0.8157894736842104,
    "support": 38
  },
  "macro avg": {
    "precision": 0.7066666666666667,
    "recall": 0.595,
    "f1-score": 0.6397360703812317,
    "support": 38
  },
  "weighted avg": {
    "precision": 0.9087719298245613,
    "recall": 0.8157894736842105,
    "f1-score": 0.8545878993671864,
    "support": 38
  }
}