{
  "goodbye": {
    "precision": 1.0,
    "recall": 0.6,
    "f1-score": 0.7499999999999999,
    "support": 5
  },
  "greet": {
    "precision": 0.8333333333333334,
    "recall": 0.8333333333333334,
    "f1-score": 0.8333333333333334,
    "support": 6
  },
  "house_request": {
    "precision": 0.7,
    "recall": 0.6363636363636364,
    "f1-score": 0.6666666666666666,
    "support": 11
  },
  "inform": {
    "precision": 0.7368421052631579,
    "recall": 0.875,
    "f1-score": 0.7999999999999999,
    "support": 16
  },
  "micro avg": {
    "precision": 0.7631578947368421,
    "recall": 0.7631578947368421,
    "f1-score": 0.7631578947368421,
    "support": 38
  },
  "macro avg": {
    "precision": 0.8175438596491228,
    "recall": 0.7361742424242425,
    "f1-score": 0.7625,
    "support": 38
  },
  "weighted avg": {
    "precision": 0.7760387811634348,
    "recall": 0.7631578947368421,
    "f1-score": 0.7600877192982456,
    "support": 38
  }
}