{
  "affirm": {
    "precision": 1.0,
    "recall": 1.0,
    "f1-score": 1.0,
    "support": 2
  },
  "ask_howdoing": {
    "precision": 0.9444444444444444,
    "recall": 1.0,
    "f1-score": 0.9714285714285714,
    "support": 17
  },
  "ask_more": {
    "precision": 0.0,
    "recall": 0.0,
    "f1-score": 0.0,
    "support": 2
  },
  "confirm": {
    "precision": 1.0,
    "recall": 1.0,
    "f1-score": 1.0,
    "support": 2
  },
  "deny": {
    "precision": 1.0,
    "recall": 1.0,
    "f1-score": 1.0,
    "support": 2
  },
  "feedback": {
    "precision": 1.0,
    "recall": 1.0,
    "f1-score": 1.0,
    "support": 2
  },
  "goodbye": {
    "precision": 1.0,
    "recall": 1.0,
    "f1-score": 1.0,
    "support": 6
  },
  "greet": {
    "precision": 1.0,
    "recall": 1.0,
    "f1-score": 1.0,
    "support": 6
  },
  "house_inform": {
    "precision": 0.9545454545454546,
    "recall": 1.0,
    "f1-score": 0.9767441860465117,
    "support": 21
  },
  "house_request": {
    "precision": 1.0,
    "recall": 1.0,
    "f1-score": 1.0,
    "support": 24
  },
  "thankyou": {
    "precision": 1.0,
    "recall": 1.0,
    "f1-score": 1.0,
    "support": 3
  },
  "micro avg": {
    "precision": 0.9770114942528736,
    "recall": 0.9770114942528736,
    "f1-score": 0.9770114942528736,
    "support": 87
  },
  "macro avg": {
    "precision": 0.8999081726354454,
    "recall": 0.9090909090909091,
    "f1-score": 0.904379341588644,
    "support": 87
  },
  "weighted avg": {
    "precision": 0.9551840241495414,
    "recall": 0.9770114942528736,
    "f1-score": 0.9658150990949708,
    "support": 87
  }
}