{
  "affirm": {
    "precision": 0.6666666666666666,
    "recall": 1.0,
    "f1-score": 0.8,
    "support": 2
  },
  "ask_howdoing": {
    "precision": 0.9411764705882353,
    "recall": 0.9411764705882353,
    "f1-score": 0.9411764705882353,
    "support": 17
  },
  "deny": {
    "precision": 0.0,
    "recall": 0.0,
    "f1-score": 0.0,
    "support": 2
  },
  "goodbye": {
    "precision": 1.0,
    "recall": 0.3333333333333333,
    "f1-score": 0.5,
    "support": 6
  },
  "greet": {
    "precision": 0.7142857142857143,
    "recall": 0.8333333333333334,
    "f1-score": 0.7692307692307692,
    "support": 6
  },
  "house_inform": {
    "precision": 0.9375,
    "recall": 1.0,
    "f1-score": 0.967741935483871,
    "support": 15
  },
  "house_request": {
    "precision": 0.9583333333333334,
    "recall": 1.0,
    "f1-score": 0.9787234042553191,
    "support": 23
  },
  "thankyou": {
    "precision": 0.6,
    "recall": 1.0,
    "f1-score": 0.7499999999999999,
    "support": 3
  },
  "micro avg": {
    "precision": 0.8918918918918919,
    "recall": 0.8918918918918919,
    "f1-score": 0.8918918918918919,
    "support": 74
  },
  "macro avg": {
    "precision": 0.7272452731092438,
    "recall": 0.7634803921568627,
    "f1-score": 0.7133590724447743,
    "support": 74
  },
  "weighted avg": {
    "precision": 0.8854488416988417,
    "recall": 0.8918918918918919,
    "f1-score": 0.8715155668312841,
    "support": 74
  }
}