{
  "": {
    "precision": 0.0,
    "recall": 0.0,
    "f1-score": 0.0,
    "support": 0
  },
  "affirm": {
    "precision": 1.0,
    "recall": 1.0,
    "f1-score": 1.0,
    "support": 2
  },
  "ask_howdoing": {
    "precision": 1.0,
    "recall": 0.9411764705882353,
    "f1-score": 0.9696969696969697,
    "support": 17
  },
  "deny": {
    "precision": 1.0,
    "recall": 0.5,
    "f1-score": 0.6666666666666666,
    "support": 2
  },
  "goodbye": {
    "precision": 1.0,
    "recall": 0.5,
    "f1-score": 0.6666666666666666,
    "support": 6
  },
  "greet": {
    "precision": 1.0,
    "recall": 0.8333333333333334,
    "f1-score": 0.9090909090909091,
    "support": 6
  },
  "house_inform": {
    "precision": 0.8823529411764706,
    "recall": 1.0,
    "f1-score": 0.9375,
    "support": 15
  },
  "house_request": {
    "precision": 1.0,
    "recall": 1.0,
    "f1-score": 1.0,
    "support": 23
  },
  "thankyou": {
    "precision": 1.0,
    "recall": 1.0,
    "f1-score": 1.0,
    "support": 3
  },
  "micro avg": {
    "precision": 0.918918918918919,
    "recall": 0.918918918918919,
    "f1-score": 0.918918918918919,
    "support": 74
  },
  "macro avg": {
    "precision": 0.8758169934640523,
    "recall": 0.752723311546841,
    "f1-score": 0.7944023569023568,
    "support": 74
  },
  "weighted avg": {
    "precision": 0.9761526232114467,
    "recall": 0.918918918918919,
    "f1-score": 0.9369625307125307,
    "support": 74
  }
}