{
  "": {
    "precision": 0.0,
    "recall": 0.0,
    "f1-score": 0.0,
    "support": 0
  },
  "goodbye": {
    "precision": 1.0,
    "recall": 0.6,
    "f1-score": 0.7499999999999999,
    "support": 5
  },
  "greet": {
    "precision": 0.5,
    "recall": 0.5,
    "f1-score": 0.5,
    "support": 6
  },
  "house_request": {
    "precision": 0.9166666666666666,
    "recall": 1.0,
    "f1-score": 0.9565217391304348,
    "support": 11
  },
  "inform": {
    "precision": 0.9230769230769231,
    "recall": 0.75,
    "f1-score": 0.8275862068965517,
    "support": 16
  },
  "micro avg": {
    "precision": 0.7631578947368421,
    "recall": 0.7631578947368421,
    "f1-score": 0.7631578947368421,
    "support": 38
  },
  "macro avg": {
    "precision": 0.6679487179487179,
    "recall": 0.5700000000000001,
    "f1-score": 0.6068215892053972,
    "support": 38
  },
  "weighted avg": {
    "precision": 0.8645411605937922,
    "recall": 0.7631578947368421,
    "f1-score": 0.8029768010731475,
    "support": 38
  }
}