{
  "": {
    "precision": 0.0,
    "recall": 0.0,
    "f1-score": 0.0,
    "support": 0
  },
  "affirm": {
    "precision": 1.0,
    "recall": 0.5,
    "f1-score": 0.6666666666666666,
    "support": 2
  },
  "ask_howdoing": {
    "precision": 0.8333333333333334,
    "recall": 0.8823529411764706,
    "f1-score": 0.8571428571428571,
    "support": 17
  },
  "deny": {
    "precision": 1.0,
    "recall": 0.5,
    "f1-score": 0.6666666666666666,
    "support": 2
  },
  "goodbye": {
    "precision": 0.6,
    "recall": 0.5,
    "f1-score": 0.5454545454545454,
    "support": 6
  },
  "greet": {
    "precision": 1.0,
    "recall": 0.8333333333333334,
    "f1-score": 0.9090909090909091,
    "support": 6
  },
  "house_inform": {
    "precision": 0.9375,
    "recall": 1.0,
    "f1-score": 0.967741935483871,
    "support": 15
  },
  "house_request": {
    "precision": 1.0,
    "recall": 1.0,
    "f1-score": 1.0,
    "support": 23
  },
  "thankyou": {
    "precision": 1.0,
    "recall": 0.3333333333333333,
    "f1-score": 0.5,
    "support": 3
  },
  "micro avg": {
    "precision": 0.8648648648648649,
    "recall": 0.8648648648648649,
    "f1-score": 0.8648648648648649,
    "support": 74
  },
  "macro avg": {
    "precision": 0.8189814814814815,
    "recall": 0.616557734204793,
    "f1-score": 0.6791959533895018,
    "support": 74
  },
  "weighted avg": {
    "precision": 0.9166103603603604,
    "recall": 0.8648648648648649,
    "f1-score": 0.878128337805757,
    "support": 74
  }
}