{
  "": {
    "precision": 0.0,
    "recall": 0.0,
    "f1-score": 0.0,
    "support": 0
  },
  "affirm": {
    "precision": 1.0,
    "recall": 0.5,
    "f1-score": 0.6666666666666666,
    "support": 2
  },
  "ask_howdoing": {
    "precision": 0.8823529411764706,
    "recall": 0.8823529411764706,
    "f1-score": 0.8823529411764706,
    "support": 17
  },
  "deny": {
    "precision": 1.0,
    "recall": 0.5,
    "f1-score": 0.6666666666666666,
    "support": 2
  },
  "goodbye": {
    "precision": 0.75,
    "recall": 0.5,
    "f1-score": 0.6,
    "support": 6
  },
  "greet": {
    "precision": 1.0,
    "recall": 0.8333333333333334,
    "f1-score": 0.9090909090909091,
    "support": 6
  },
  "house_inform": {
    "precision": 0.9333333333333333,
    "recall": 0.9333333333333333,
    "f1-score": 0.9333333333333333,
    "support": 15
  },
  "house_request": {
    "precision": 0.9583333333333334,
    "recall": 1.0,
    "f1-score": 0.9787234042553191,
    "support": 23
  },
  "thankyou": {
    "precision": 1.0,
    "recall": 1.0,
    "f1-score": 1.0,
    "support": 3
  },
  "micro avg": {
    "precision": 0.8783783783783784,
    "recall": 0.8783783783783784,
    "f1-score": 0.8783783783783784,
    "support": 74
  },
  "macro avg": {
    "precision": 0.8360021786492374,
    "recall": 0.6832244008714596,
    "f1-score": 0.7374259912432629,
    "support": 74
  },
  "weighted avg": {
    "precision": 0.9262387387387389,
    "recall": 0.8783783783783784,
    "f1-score": 0.8950250056633035,
    "support": 74
  }
}